State,Work Category,Total_Projects,High_Risk_Count,Medium_Risk_Count,Low_Risk_Count,Anomalies_Flagged,Mean_Anomaly_Score,Total_Disbursed,High_Risk_%
Uttar Pradesh,Normal/Others,7360,902,1839,4619,894,0.3038,3328846752.0,12.26
Telangana,Normal/Others,2047,126,280,1641,126,0.1745,529147154.0,6.16
Rajasthan,Normal/Others,972,106,122,744,106,0.1855,512895809.0,10.91
West Bengal,Normal/Others,2357,58,163,2136,58,0.1598,1383164405.0,2.46
Madhya Pradesh,Normal/Others,2259,46,21,2192,46,0.0964,861192970.0,2.04
Tamil Nadu,Normal/Others,2889,35,103,2751,35,0.1126,2024077618.0,1.21
Punjab,Normal/Others,1446,34,92,1320,34,0.1422,402164545.0,2.35
Andhra Pradesh,Normal/Others,1143,29,17,1097,29,0.1056,584337031.0,2.54
Maharashtra,Normal/Others,921,28,74,819,28,0.1312,710846430.0,3.04
Punjab,Repair and Renovation,65,28,37,0,28,0.4539,20899976.0,43.08
Odisha,Repair and Renovation,34,27,7,0,27,0.5194,10100000.0,79.41
West Bengal,Repair and Renovation,42,26,16,0,26,0.4675,38735395.0,61.9
Kerala,Normal/Others,942,23,27,892,23,0.1167,435068603.0,2.44
Assam,Normal/Others,196,13,32,151,13,0.2214,127845448.0,6.63
Karnataka,Repair and Renovation,35,13,22,0,13,0.4226,20754153.0,37.14
Kerala,Repair and Renovation,16,13,3,0,13,0.4665,15017594.0,81.25
Haryana,Normal/Others,443,13,9,421,13,0.1136,166075204.0,2.93
Karnataka,Trust and Society,23,12,11,0,12,0.4418,14454413.0,52.17
Uttar Pradesh,Trust and Society,13,12,1,0,12,0.5262,9699966.0,92.31
Uttar Pradesh,Repair and Renovation,9,9,0,0,9,0.5703,21280647.0,100.0
Gujarat,Normal/Others,2771,8,12,2751,8,0.0741,854949308.0,0.29
Delhi,Repair and Renovation,8,8,0,0,8,0.4553,3726585.0,100.0
Maharashtra,Repair and Renovation,10,8,2,0,8,0.4738,10502783.0,80.0
Bihar,Repair and Renovation,15,8,6,1,8,0.432,13887113.0,53.33
Assam,Repair and Renovation,11,8,3,0,8,0.5009,9184588.0,72.73
Andhra Pradesh,Repair and Renovation,32,8,24,0,8,0.4238,22544803.0,25.0
Himachal Pradesh,Repair and Renovation,13,7,6,0,7,0.4473,2249200.0,53.85
Gujarat,Trust and Society,35,7,28,0,7,0.4168,19042728.0,20.0
Haryana,Trust and Society,10,7,3,0,7,0.4739,8801409.0,70.0
Rajasthan,Repair and Renovation,23,7,16,0,7,0.4471,12282468.0,30.43
Odisha,Normal/Others,1331,7,234,1090,7,0.1738,309448240.0,0.53
Puducherry,Normal/Others,13,7,3,3,7,0.5209,21280551.0,53.85
Uttarakhand,Normal/Others,172,6,17,149,6,0.1359,52874252.0,3.49
Haryana,Repair and Renovation,10,5,5,0,5,0.4477,7955370.0,50.0
Sikkim,Normal/Others,36,4,16,16,4,0.2926,74463116.0,11.11
Telangana,Repair and Renovation,21,4,17,0,4,0.4483,9573291.0,19.05
Uttarakhand,Repair and Renovation,4,4,0,0,4,0.4955,2151998.0,100.0
Odisha,Trust and Society,4,4,0,0,4,0.484,3000000.0,100.0
Karnataka,Normal/Others,657,4,33,620,4,0.1392,365126609.0,0.61
Madhya Pradesh,Trust and Society,7,4,3,0,4,0.4444,8499466.0,57.14
Chhattisgarh,Normal/Others,891,4,8,879,4,0.1376,397454139.0,0.45
Arunachal Pradesh,Repair and Renovation,5,3,2,0,3,0.5262,5500000.0,60.0
Himachal Pradesh,Normal/Others,401,3,16,382,3,0.1436,90481767.0,0.75
Jammu And Kashmir,Normal/Others,352,3,3,346,3,0.1069,105547201.0,0.85
Manipur,Normal/Others,34,3,16,15,3,0.3039,71790996.0,8.82
Chandigarh,Normal/Others,31,3,2,26,3,0.1866,15427535.0,9.68
Nagaland,Normal/Others,39,3,5,31,3,0.2344,98500000.0,7.69
Punjab,Trust and Society,8,3,5,0,3,0.4521,6414374.0,37.5
Tripura,Normal/Others,20,3,0,17,3,0.2282,36422411.0,15.0
Maharashtra,Trust and Society,2,2,0,0,2,0.5084,4086456.0,100.0
Sikkim,Repair and Renovation,2,2,0,0,2,0.6118,2499064.0,100.0
Manipur,Repair and Renovation,2,2,0,0,2,0.5613,3759020.0,100.0
Rajasthan,Trust and Society,2,2,0,0,2,0.545,3599695.0,100.0
Jharkhand,Normal/Others,658,2,1,655,2,0.0855,271636232.0,0.3
Jammu And Kashmir,Trust and Society,1,1,0,0,1,0.553,299149.0,100.0
Andhra Pradesh,Trust and Society,1,1,0,0,1,0.482,293048.0,100.0
Arunachal Pradesh,Normal/Others,216,1,11,204,1,0.1479,168902945.0,0.46
Chhattisgarh,Repair and Renovation,5,1,4,0,1,0.4231,2168752.0,20.0
Telangana,Trust and Society,4,1,3,0,1,0.4271,4939110.0,25.0
Meghalaya,Normal/Others,226,1,7,218,1,0.1547,87050000.0,0.44
Mizoram,Normal/Others,134,1,0,133,1,0.1797,70583184.0,0.75
Meghalaya,Repair and Renovation,3,1,2,0,1,0.4342,850000.0,33.33
West Bengal,Trust and Society,1,1,0,0,1,0.4438,399784.0,100.0
Tamil Nadu,Repair and Renovation,2,1,1,0,1,0.4557,2171860.0,50.0
Jharkhand,Repair and Renovation,4,1,3,0,1,0.4297,2018984.0,25.0
Bihar,Normal/Others,2736,0,30,2706,0,0.0914,2083616359.0,0.0
Lakshadweep,Normal/Others,2,0,0,2,0,0.1921,1633047.0,0.0
Madhya Pradesh,Repair and Renovation,1,0,1,0,0,0.31,259942.0,0.0
Jharkhand,Trust and Society,1,0,1,0,0,0.4254,539900.0,0.0
Jammu And Kashmir,Repair and Renovation,4,0,4,0,0,0.3971,929581.0,0.0
Gujarat,Repair and Renovation,6,0,6,0,0,0.4097,2333986.0,0.0
Goa,Normal/Others,48,0,2,46,0,0.1426,41132272.0,0.0
Delhi,Normal/Others,212,0,4,208,0,0.0952,107285655.0,0.0
Meghalaya,Trust and Society,1,0,1,0,0,0.3994,500000.0,0.0
